{
  "state_conf": {
    "0": 0.9999990463256836,
    "1": 0.9999990463256836,
    "48": 0.9999990463256836,
    "49": 0.9999990463256836,
    "50": 0.9999990463256836
  },
  "prefix_conf": {
    "0": {
      "prefix": [],
      "confidence": 0.9999990463256836
    },
    "1": {
      "prefix": [
        "L0"
      ],
      "confidence": 0.9999990463256836
    },
    "48": {
      "prefix": [
        "L1"
      ],
      "confidence": 0.9999990463256836
    },
    "49": {
      "prefix": [
        "L1",
        "L0"
      ],
      "confidence": 0.9999990463256836
    },
    "50": {
      "prefix": [
        "L1",
        "L0",
        "L0"
      ],
      "confidence": 0.9999990463256836
    }
  },
  "merge_history": [
    {
      "phase": "bluefringe",
      "merge_to": 48,
      "merge_from": 2,
      "score": 58.0,
      "confidence": 1.0,
      "states_before": 147,
      "states_after": 88
    },
    {
      "phase": "bluefringe",
      "merge_to": 48,
      "merge_from": 77,
      "score": 38.0,
      "confidence": 0.999999999996362,
      "states_before": 88,
      "states_after": 49
    },
    {
      "phase": "bluefringe",
      "merge_to": 0,
      "merge_from": 51,
      "score": 22.0,
      "confidence": 0.9999997615814209,
      "states_before": 49,
      "states_after": 26
    },
    {
      "phase": "bluefringe",
      "merge_to": 48,
      "merge_from": 61,
      "score": 20.0,
      "confidence": 0.9999990463256836,
      "states_before": 26,
      "states_after": 5
    }
  ]
}