{
  "state_conf": {
    "0": 0.9999998807907104,
    "1": 0.9999998807907104,
    "2": 0.9999998807907104,
    "45": 0.9999998807907104,
    "46": 0.9999998807907104
  },
  "prefix_conf": {
    "0": {
      "prefix": [],
      "confidence": 0.9999998807907104
    },
    "1": {
      "prefix": [
        "L0"
      ],
      "confidence": 0.9999998807907104
    },
    "2": {
      "prefix": [
        "L0",
        "L0"
      ],
      "confidence": 0.9999998807907104
    },
    "45": {
      "prefix": [
        "L0",
        "L1"
      ],
      "confidence": 0.9999998807907104
    },
    "46": {
      "prefix": [
        "L0",
        "L1",
        "L0"
      ],
      "confidence": 0.9999998807907104
    }
  },
  "merge_history": [
    {
      "phase": "bluefringe",
      "merge_to": 45,
      "merge_from": 3,
      "score": 58.0,
      "confidence": 1.0,
      "states_before": 152,
      "states_after": 93
    },
    {
      "phase": "bluefringe",
      "merge_to": 0,
      "merge_from": 72,
      "score": 39.0,
      "confidence": 0.999999999998181,
      "states_before": 93,
      "states_after": 53
    },
    {
      "phase": "bluefringe",
      "merge_to": 0,
      "merge_from": 47,
      "score": 23.0,
      "confidence": 0.9999998807907104,
      "states_before": 53,
      "states_after": 29
    },
    {
      "phase": "bluefringe",
      "merge_to": 2,
      "merge_from": 62,
      "score": 23.0,
      "confidence": 0.9999998807907104,
      "states_before": 29,
      "states_after": 5
    }
  ]
}