{
  "state_conf": {
    "0": 0.9999997615814209,
    "1": 0.9999997615814209,
    "48": 0.9999997615814209,
    "49": 0.9999997615814209,
    "50": 0.9999997615814209
  },
  "prefix_conf": {
    "0": {
      "prefix": [],
      "confidence": 0.9999997615814209
    },
    "1": {
      "prefix": [
        "L0"
      ],
      "confidence": 0.9999997615814209
    },
    "48": {
      "prefix": [
        "L1"
      ],
      "confidence": 0.9999997615814209
    },
    "49": {
      "prefix": [
        "L1",
        "L0"
      ],
      "confidence": 0.9999997615814209
    },
    "50": {
      "prefix": [
        "L1",
        "L0",
        "L0"
      ],
      "confidence": 0.9999997615814209
    }
  },
  "merge_history": [
    {
      "phase": "bluefringe",
      "merge_to": 48,
      "merge_from": 2,
      "score": 55.0,
      "confidence": 1.0,
      "states_before": 148,
      "states_after": 92
    },
    {
      "phase": "bluefringe",
      "merge_to": 48,
      "merge_from": 79,
      "score": 39.0,
      "confidence": 0.999999999998181,
      "states_before": 92,
      "states_after": 52
    },
    {
      "phase": "bluefringe",
      "merge_to": 0,
      "merge_from": 51,
      "score": 23.0,
      "confidence": 0.9999998807907104,
      "states_before": 52,
      "states_after": 28
    },
    {
      "phase": "bluefringe",
      "merge_to": 48,
      "merge_from": 66,
      "score": 22.0,
      "confidence": 0.9999997615814209,
      "states_before": 28,
      "states_after": 5
    }
  ]
}