{
  "state_conf": {
    "0": 0.9999923706054688,
    "1": 0.9999923706054688,
    "2": 0.9999923706054688,
    "3": 0.9999923706054688,
    "67": 0.9999923706054688
  },
  "prefix_conf": {
    "0": {
      "prefix": [],
      "confidence": 0.9999923706054688
    },
    "1": {
      "prefix": [
        "L0"
      ],
      "confidence": 0.9999923706054688
    },
    "2": {
      "prefix": [
        "L0",
        "L0"
      ],
      "confidence": 0.9999923706054688
    },
    "3": {
      "prefix": [
        "L0",
        "L0",
        "L0"
      ],
      "confidence": 0.9999923706054688
    },
    "67": {
      "prefix": [
        "L1"
      ],
      "confidence": 0.9999923706054688
    }
  },
  "merge_history": [
    {
      "phase": "bluefringe",
      "merge_to": 0,
      "merge_from": 68,
      "score": 69.0,
      "confidence": 1.0,
      "states_before": 157,
      "states_after": 87
    },
    {
      "phase": "bluefringe",
      "merge_to": 67,
      "merge_from": 32,
      "score": 42.0,
      "confidence": 0.9999999999997726,
      "states_before": 87,
      "states_after": 44
    },
    {
      "phase": "bluefringe",
      "merge_to": 67,
      "merge_from": 4,
      "score": 20.0,
      "confidence": 0.9999990463256836,
      "states_before": 44,
      "states_after": 23
    },
    {
      "phase": "bluefringe",
      "merge_to": 2,
      "merge_from": 18,
      "score": 17.0,
      "confidence": 0.9999923706054688,
      "states_before": 23,
      "states_after": 5
    }
  ]
}