{
  "state_conf": {
    "0": 0.9999999403953552,
    "1": 0.9999999403953552,
    "42": 0.9999999403953552,
    "43": 0.9999999403953552,
    "44": 0.9999999403953552
  },
  "prefix_conf": {
    "0": {
      "prefix": [],
      "confidence": 0.9999999403953552
    },
    "1": {
      "prefix": [
        "L0"
      ],
      "confidence": 0.9999999403953552
    },
    "42": {
      "prefix": [
        "L1"
      ],
      "confidence": 0.9999999403953552
    },
    "43": {
      "prefix": [
        "L1",
        "L0"
      ],
      "confidence": 0.9999999403953552
    },
    "44": {
      "prefix": [
        "L1",
        "L0",
        "L0"
      ],
      "confidence": 0.9999999403953552
    }
  },
  "merge_history": [
    {
      "phase": "bluefringe",
      "merge_to": 42,
      "merge_from": 2,
      "score": 55.0,
      "confidence": 1.0,
      "states_before": 153,
      "states_after": 97
    },
    {
      "phase": "bluefringe",
      "merge_to": 42,
      "merge_from": 75,
      "score": 40.0,
      "confidence": 0.9999999999990905,
      "states_before": 97,
      "states_after": 56
    },
    {
      "phase": "bluefringe",
      "merge_to": 0,
      "merge_from": 45,
      "score": 25.0,
      "confidence": 0.9999999701976776,
      "states_before": 56,
      "states_after": 30
    },
    {
      "phase": "bluefringe",
      "merge_to": 42,
      "merge_from": 60,
      "score": 24.0,
      "confidence": 0.9999999403953552,
      "states_before": 30,
      "states_after": 5
    }
  ]
}