{
  "state_conf": {
    "0": 0.9999990463256836,
    "1": 0.9999990463256836,
    "2": 0.9999990463256836,
    "3": 0.9999990463256836,
    "60": 0.9999990463256836
  },
  "prefix_conf": {
    "0": {
      "prefix": [],
      "confidence": 0.9999990463256836
    },
    "1": {
      "prefix": [
        "L0"
      ],
      "confidence": 0.9999990463256836
    },
    "2": {
      "prefix": [
        "L0",
        "L0"
      ],
      "confidence": 0.9999990463256836
    },
    "3": {
      "prefix": [
        "L0",
        "L0",
        "L0"
      ],
      "confidence": 0.9999990463256836
    },
    "60": {
      "prefix": [
        "L1"
      ],
      "confidence": 0.9999990463256836
    }
  },
  "merge_history": [
    {
      "phase": "bluefringe",
      "merge_to": 0,
      "merge_from": 61,
      "score": 71.0,
      "confidence": 1.0,
      "states_before": 156,
      "states_after": 84
    },
    {
      "phase": "bluefringe",
      "merge_to": 1,
      "merge_from": 33,
      "score": 35.0,
      "confidence": 0.9999999999708962,
      "states_before": 84,
      "states_after": 48
    },
    {
      "phase": "bluefringe",
      "merge_to": 0,
      "merge_from": 19,
      "score": 21.0,
      "confidence": 0.9999995231628418,
      "states_before": 48,
      "states_after": 26
    },
    {
      "phase": "bluefringe",
      "merge_to": 60,
      "merge_from": 4,
      "score": 20.0,
      "confidence": 0.9999990463256836,
      "states_before": 26,
      "states_after": 5
    }
  ]
}