{
  "state_conf": {
    "0": 0.9999998807907104,
    "1": 0.9999998807907104,
    "2": 0.9999998807907104,
    "45": 0.9999998807907104,
    "46": 0.9999998807907104
  },
  "prefix_conf": {
    "0": {
      "prefix": [],
      "confidence": 0.9999998807907104
    },
    "1": {
      "prefix": [
        "L0"
      ],
      "confidence": 0.9999998807907104
    },
    "2": {
      "prefix": [
        "L0",
        "L0"
      ],
      "confidence": 0.9999998807907104
    },
    "45": {
      "prefix": [
        "L0",
        "L1"
      ],
      "confidence": 0.9999998807907104
    },
    "46": {
      "prefix": [
        "L0",
        "L1",
        "L0"
      ],
      "confidence": 0.9999998807907104
    }
  },
  "merge_history": [
    {
      "phase": "bluefringe",
      "merge_to": 45,
      "merge_from": 3,
      "score": 57.0,
      "confidence": 1.0,
      "states_before": 151,
      "states_after": 93
    },
    {
      "phase": "bluefringe",
      "merge_to": 0,
      "merge_from": 83,
      "score": 38.0,
      "confidence": 0.999999999996362,
      "states_before": 93,
      "states_after": 54
    },
    {
      "phase": "bluefringe",
      "merge_to": 2,
      "merge_from": 63,
      "score": 24.0,
      "confidence": 0.9999999403953552,
      "states_before": 54,
      "states_after": 29
    },
    {
      "phase": "bluefringe",
      "merge_to": 0,
      "merge_from": 47,
      "score": 23.0,
      "confidence": 0.9999998807907104,
      "states_before": 29,
      "states_after": 5
    }
  ]
}