{
  "state_conf": {
    "0": 0.9999999850988388,
    "1": 0.9999999850988388,
    "2": 0.9999999850988388,
    "54": 0.9999999850988388,
    "121": 0.9999999850988388
  },
  "prefix_conf": {
    "0": {
      "prefix": [],
      "confidence": 0.9999999850988388
    },
    "1": {
      "prefix": [
        "L0"
      ],
      "confidence": 0.9999999850988388
    },
    "2": {
      "prefix": [
        "L0",
        "L0"
      ],
      "confidence": 0.9999999850988388
    },
    "54": {
      "prefix": [
        "L1"
      ],
      "confidence": 0.9999999850988388
    },
    "121": {
      "prefix": [
        "L1",
        "L1"
      ],
      "confidence": 0.9999999850988388
    }
  },
  "merge_history": [
    {
      "phase": "bluefringe",
      "merge_to": 0,
      "merge_from": 55,
      "score": 82.0,
      "confidence": 1.0,
      "states_before": 205,
      "states_after": 122
    },
    {
      "phase": "bluefringe",
      "merge_to": 54,
      "merge_from": 122,
      "score": 47.0,
      "confidence": 0.9999999999999929,
      "states_before": 122,
      "states_after": 74
    },
    {
      "phase": "bluefringe",
      "merge_to": 54,
      "merge_from": 24,
      "score": 41.0,
      "confidence": 0.9999999999995453,
      "states_before": 74,
      "states_after": 32
    },
    {
      "phase": "bluefringe",
      "merge_to": 121,
      "merge_from": 3,
      "score": 26.0,
      "confidence": 0.9999999850988388,
      "states_before": 32,
      "states_after": 5
    }
  ]
}