{
  "state_conf": {
    "0": 0.9999997615814209,
    "1": 0.9999997615814209,
    "44": 0.9999997615814209,
    "45": 0.9999997615814209,
    "46": 0.9999997615814209
  },
  "prefix_conf": {
    "0": {
      "prefix": [],
      "confidence": 0.9999997615814209
    },
    "1": {
      "prefix": [
        "L0"
      ],
      "confidence": 0.9999997615814209
    },
    "44": {
      "prefix": [
        "L1"
      ],
      "confidence": 0.9999997615814209
    },
    "45": {
      "prefix": [
        "L1",
        "L0"
      ],
      "confidence": 0.9999997615814209
    },
    "46": {
      "prefix": [
        "L1",
        "L0",
        "L0"
      ],
      "confidence": 0.9999997615814209
    }
  },
  "merge_history": [
    {
      "phase": "bluefringe",
      "merge_to": 44,
      "merge_from": 2,
      "score": 58.0,
      "confidence": 1.0,
      "states_before": 151,
      "states_after": 92
    },
    {
      "phase": "bluefringe",
      "merge_to": 44,
      "merge_from": 76,
      "score": 37.0,
      "confidence": 0.999999999992724,
      "states_before": 92,
      "states_after": 54
    },
    {
      "phase": "bluefringe",
      "merge_to": 0,
      "merge_from": 47,
      "score": 25.0,
      "confidence": 0.9999999701976776,
      "states_before": 54,
      "states_after": 28
    },
    {
      "phase": "bluefringe",
      "merge_to": 44,
      "merge_from": 61,
      "score": 22.0,
      "confidence": 0.9999997615814209,
      "states_before": 28,
      "states_after": 5
    }
  ]
}