{
  "state_conf": {
    "0": 0.9999997615814209,
    "1": 0.9999997615814209,
    "2": 0.9999997615814209,
    "52": 0.9999997615814209,
    "53": 0.9999997615814209
  },
  "prefix_conf": {
    "0": {
      "prefix": [],
      "confidence": 0.9999997615814209
    },
    "1": {
      "prefix": [
        "L0"
      ],
      "confidence": 0.9999997615814209
    },
    "2": {
      "prefix": [
        "L0",
        "L0"
      ],
      "confidence": 0.9999997615814209
    },
    "52": {
      "prefix": [
        "L0",
        "L1"
      ],
      "confidence": 0.9999997615814209
    },
    "53": {
      "prefix": [
        "L0",
        "L1",
        "L0"
      ],
      "confidence": 0.9999997615814209
    }
  },
  "merge_history": [
    {
      "phase": "bluefringe",
      "merge_to": 52,
      "merge_from": 3,
      "score": 60.0,
      "confidence": 1.0,
      "states_before": 153,
      "states_after": 92
    },
    {
      "phase": "bluefringe",
      "merge_to": 0,
      "merge_from": 86,
      "score": 38.0,
      "confidence": 0.999999999996362,
      "states_before": 92,
      "states_after": 53
    },
    {
      "phase": "bluefringe",
      "merge_to": 0,
      "merge_from": 54,
      "score": 24.0,
      "confidence": 0.9999999403953552,
      "states_before": 53,
      "states_after": 28
    },
    {
      "phase": "bluefringe",
      "merge_to": 2,
      "merge_from": 74,
      "score": 22.0,
      "confidence": 0.9999997615814209,
      "states_before": 28,
      "states_after": 5
    }
  ]
}