{
  "state_conf": {
    "0": 0.9999999999999716,
    "1": 0.9999999999999716,
    "2": 0.9999999999999716,
    "75": 0.9999999999999716,
    "76": 0.9999999999999716
  },
  "prefix_conf": {
    "0": {
      "prefix": [],
      "confidence": 0.9999999999999716
    },
    "1": {
      "prefix": [
        "L0"
      ],
      "confidence": 0.9999999999999716
    },
    "2": {
      "prefix": [
        "L0",
        "L0"
      ],
      "confidence": 0.9999999999999716
    },
    "75": {
      "prefix": [
        "L1"
      ],
      "confidence": 0.9999999999999716
    },
    "76": {
      "prefix": [
        "L1",
        "L0"
      ],
      "confidence": 0.9999999999999716
    }
  },
  "merge_history": [
    {
      "phase": "bluefringe",
      "merge_to": 0,
      "merge_from": 34,
      "score": 83.0,
      "confidence": 1.0,
      "states_before": 255,
      "states_after": 171
    },
    {
      "phase": "bluefringe",
      "merge_to": 1,
      "merge_from": 112,
      "score": 63.0,
      "confidence": 1.0,
      "states_before": 171,
      "states_after": 107
    },
    {
      "phase": "bluefringe",
      "merge_to": 0,
      "merge_from": 77,
      "score": 55.0,
      "confidence": 1.0,
      "states_before": 107,
      "states_after": 51
    },
    {
      "phase": "bluefringe",
      "merge_to": 75,
      "merge_from": 3,
      "score": 45.0,
      "confidence": 0.9999999999999716,
      "states_before": 51,
      "states_after": 5
    }
  ]
}