{
  "state_conf": {
    "0": 0.9999998807907104,
    "1": 0.9999998807907104,
    "2": 0.9999998807907104,
    "51": 0.9999998807907104,
    "52": 0.9999998807907104
  },
  "prefix_conf": {
    "0": {
      "prefix": [],
      "confidence": 0.9999998807907104
    },
    "1": {
      "prefix": [
        "L0"
      ],
      "confidence": 0.9999998807907104
    },
    "2": {
      "prefix": [
        "L0",
        "L0"
      ],
      "confidence": 0.9999998807907104
    },
    "51": {
      "prefix": [
        "L0",
        "L1"
      ],
      "confidence": 0.9999998807907104
    },
    "52": {
      "prefix": [
        "L0",
        "L1",
        "L0"
      ],
      "confidence": 0.9999998807907104
    }
  },
  "merge_history": [
    {
      "phase": "bluefringe",
      "merge_to": 51,
      "merge_from": 3,
      "score": 56.0,
      "confidence": 1.0,
      "states_before": 149,
      "states_after": 92
    },
    {
      "phase": "bluefringe",
      "merge_to": 0,
      "merge_from": 86,
      "score": 38.0,
      "confidence": 0.999999999996362,
      "states_before": 92,
      "states_after": 53
    },
    {
      "phase": "bluefringe",
      "merge_to": 0,
      "merge_from": 53,
      "score": 23.0,
      "confidence": 0.9999998807907104,
      "states_before": 53,
      "states_after": 29
    },
    {
      "phase": "bluefringe",
      "merge_to": 2,
      "merge_from": 71,
      "score": 23.0,
      "confidence": 0.9999998807907104,
      "states_before": 29,
      "states_after": 5
    }
  ]
}