{
  "state_conf": {
    "0": 0.9999995231628418,
    "1": 0.9999995231628418,
    "2": 0.9999995231628418,
    "45": 0.9999995231628418,
    "46": 0.9999995231628418
  },
  "prefix_conf": {
    "0": {
      "prefix": [],
      "confidence": 0.9999995231628418
    },
    "1": {
      "prefix": [
        "L0"
      ],
      "confidence": 0.9999995231628418
    },
    "2": {
      "prefix": [
        "L0",
        "L0"
      ],
      "confidence": 0.9999995231628418
    },
    "45": {
      "prefix": [
        "L0",
        "L1"
      ],
      "confidence": 0.9999995231628418
    },
    "46": {
      "prefix": [
        "L0",
        "L1",
        "L0"
      ],
      "confidence": 0.9999995231628418
    }
  },
  "merge_history": [
    {
      "phase": "bluefringe",
      "merge_to": 45,
      "merge_from": 3,
      "score": 54.0,
      "confidence": 1.0,
      "states_before": 147,
      "states_after": 92
    },
    {
      "phase": "bluefringe",
      "merge_to": 0,
      "merge_from": 72,
      "score": 40.0,
      "confidence": 0.9999999999990905,
      "states_before": 92,
      "states_after": 51
    },
    {
      "phase": "bluefringe",
      "merge_to": 2,
      "merge_from": 56,
      "score": 23.0,
      "confidence": 0.9999998807907104,
      "states_before": 51,
      "states_after": 27
    },
    {
      "phase": "bluefringe",
      "merge_to": 0,
      "merge_from": 47,
      "score": 21.0,
      "confidence": 0.9999995231628418,
      "states_before": 27,
      "states_after": 5
    }
  ]
}