{
  "state_conf": {
    "0": 0.9999999997671694,
    "1": 0.9999999997671694,
    "2": 0.9999999997671694,
    "58": 0.9999999997671694,
    "59": 0.9999999997671694
  },
  "prefix_conf": {
    "0": {
      "prefix": [],
      "confidence": 0.9999999997671694
    },
    "1": {
      "prefix": [
        "L0"
      ],
      "confidence": 0.9999999997671694
    },
    "2": {
      "prefix": [
        "L0",
        "L0"
      ],
      "confidence": 0.9999999997671694
    },
    "58": {
      "prefix": [
        "L1"
      ],
      "confidence": 0.9999999997671694
    },
    "59": {
      "prefix": [
        "L1",
        "L0"
      ],
      "confidence": 0.9999999997671694
    }
  },
  "merge_history": [
    {
      "phase": "bluefringe",
      "merge_to": 1,
      "merge_from": 93,
      "score": 36.0,
      "confidence": 0.9999999999854481,
      "states_before": 164,
      "states_after": 127
    },
    {
      "phase": "bluefringe",
      "merge_to": 0,
      "merge_from": 60,
      "score": 48.0,
      "confidence": 0.9999999999999964,
      "states_before": 127,
      "states_after": 78
    },
    {
      "phase": "bluefringe",
      "merge_to": 58,
      "merge_from": 3,
      "score": 39.0,
      "confidence": 0.999999999998181,
      "states_before": 78,
      "states_after": 38
    },
    {
      "phase": "bluefringe",
      "merge_to": 1,
      "merge_from": 31,
      "score": 32.0,
      "confidence": 0.9999999997671694,
      "states_before": 38,
      "states_after": 5
    }
  ]
}