{
  "state_conf": {
    "0": 0.9999999999708962,
    "1": 0.9999999999708962,
    "2": 0.9999999999708962,
    "57": 0.9999999999708962,
    "98": 0.9999999999708962
  },
  "prefix_conf": {
    "0": {
      "prefix": [],
      "confidence": 0.9999999999708962
    },
    "1": {
      "prefix": [
        "L0"
      ],
      "confidence": 0.9999999999708962
    },
    "2": {
      "prefix": [
        "L0",
        "L0"
      ],
      "confidence": 0.9999999999708962
    },
    "57": {
      "prefix": [
        "L1"
      ],
      "confidence": 0.9999999999708962
    },
    "98": {
      "prefix": [
        "L1",
        "L1"
      ],
      "confidence": 0.9999999999708962
    }
  },
  "merge_history": [
    {
      "phase": "bluefringe",
      "merge_to": 0,
      "merge_from": 58,
      "score": 69.0,
      "confidence": 1.0,
      "states_before": 206,
      "states_after": 136
    },
    {
      "phase": "bluefringe",
      "merge_to": 57,
      "merge_from": 99,
      "score": 50.0,
      "confidence": 0.9999999999999991,
      "states_before": 136,
      "states_after": 85
    },
    {
      "phase": "bluefringe",
      "merge_to": 57,
      "merge_from": 34,
      "score": 43.0,
      "confidence": 0.9999999999998863,
      "states_before": 85,
      "states_after": 41
    },
    {
      "phase": "bluefringe",
      "merge_to": 98,
      "merge_from": 3,
      "score": 35.0,
      "confidence": 0.9999999999708962,
      "states_before": 41,
      "states_after": 5
    }
  ]
}