{
  "state_conf": {
    "0": 0.9999999999999982,
    "1": 0.9999999999999982,
    "2": 0.9999999999999982,
    "85": 0.9999999999999982,
    "86": 0.9999999999999982
  },
  "prefix_conf": {
    "0": {
      "prefix": [],
      "confidence": 0.9999999999999982
    },
    "1": {
      "prefix": [
        "L0"
      ],
      "confidence": 0.9999999999999982
    },
    "2": {
      "prefix": [
        "L0",
        "L0"
      ],
      "confidence": 0.9999999999999982
    },
    "85": {
      "prefix": [
        "L1"
      ],
      "confidence": 0.9999999999999982
    },
    "86": {
      "prefix": [
        "L1",
        "L0"
      ],
      "confidence": 0.9999999999999982
    }
  },
  "merge_history": [
    {
      "phase": "bluefringe",
      "merge_to": 0,
      "merge_from": 39,
      "score": 74.0,
      "confidence": 1.0,
      "states_before": 251,
      "states_after": 176
    },
    {
      "phase": "bluefringe",
      "merge_to": 1,
      "merge_from": 125,
      "score": 56.0,
      "confidence": 1.0,
      "states_before": 176,
      "states_after": 119
    },
    {
      "phase": "bluefringe",
      "merge_to": 0,
      "merge_from": 87,
      "score": 63.0,
      "confidence": 1.0,
      "states_before": 119,
      "states_after": 55
    },
    {
      "phase": "bluefringe",
      "merge_to": 85,
      "merge_from": 3,
      "score": 49.0,
      "confidence": 0.9999999999999982,
      "states_before": 55,
      "states_after": 5
    }
  ]
}