{
  "state_conf": {
    "0": 0.99993896484375,
    "1": 0.99993896484375,
    "2": 0.99993896484375,
    "3": 0.99993896484375,
    "68": 0.99993896484375
  },
  "prefix_conf": {
    "0": {
      "prefix": [],
      "confidence": 0.99993896484375
    },
    "1": {
      "prefix": [
        "L0"
      ],
      "confidence": 0.99993896484375
    },
    "2": {
      "prefix": [
        "L0",
        "L0"
      ],
      "confidence": 0.99993896484375
    },
    "3": {
      "prefix": [
        "L0",
        "L0",
        "L0"
      ],
      "confidence": 0.99993896484375
    },
    "68": {
      "prefix": [
        "L1"
      ],
      "confidence": 0.99993896484375
    }
  },
  "merge_history": [
    {
      "phase": "bluefringe",
      "merge_to": 0,
      "merge_from": 69,
      "score": 68.0,
      "confidence": 1.0,
      "states_before": 151,
      "states_after": 82
    },
    {
      "phase": "bluefringe",
      "merge_to": 1,
      "merge_from": 35,
      "score": 37.0,
      "confidence": 0.999999999992724,
      "states_before": 82,
      "states_after": 44
    },
    {
      "phase": "bluefringe",
      "merge_to": 0,
      "merge_from": 17,
      "score": 23.0,
      "confidence": 0.9999998807907104,
      "states_before": 44,
      "states_after": 20
    },
    {
      "phase": "bluefringe",
      "merge_to": 68,
      "merge_from": 4,
      "score": 14.0,
      "confidence": 0.99993896484375,
      "states_before": 20,
      "states_after": 5
    }
  ]
}