{
  "state_conf": {
    "0": 0.9998779296875,
    "1": 0.9998779296875,
    "2": 0.9998779296875,
    "3": 0.9998779296875,
    "62": 0.9998779296875
  },
  "prefix_conf": {
    "0": {
      "prefix": [],
      "confidence": 0.9998779296875
    },
    "1": {
      "prefix": [
        "L0"
      ],
      "confidence": 0.9998779296875
    },
    "2": {
      "prefix": [
        "L0",
        "L0"
      ],
      "confidence": 0.9998779296875
    },
    "3": {
      "prefix": [
        "L0",
        "L0",
        "L0"
      ],
      "confidence": 0.9998779296875
    },
    "62": {
      "prefix": [
        "L1"
      ],
      "confidence": 0.9998779296875
    }
  },
  "merge_history": [
    {
      "phase": "bluefringe",
      "merge_to": 0,
      "merge_from": 63,
      "score": 67.0,
      "confidence": 1.0,
      "states_before": 154,
      "states_after": 86
    },
    {
      "phase": "bluefringe",
      "merge_to": 62,
      "merge_from": 28,
      "score": 47.0,
      "confidence": 0.9999999999999929,
      "states_before": 86,
      "states_after": 38
    },
    {
      "phase": "bluefringe",
      "merge_to": 2,
      "merge_from": 15,
      "score": 18.0,
      "confidence": 0.9999961853027344,
      "states_before": 38,
      "states_after": 19
    },
    {
      "phase": "bluefringe",
      "merge_to": 62,
      "merge_from": 4,
      "score": 13.0,
      "confidence": 0.9998779296875,
      "states_before": 19,
      "states_after": 5
    }
  ]
}