{
  "state_conf": {
    "0": 0.9999999998835847,
    "1": 0.9999999998835847,
    "2": 0.9999999998835847,
    "61": 0.9999999998835847,
    "62": 0.9999999998835847
  },
  "prefix_conf": {
    "0": {
      "prefix": [],
      "confidence": 0.9999999998835847
    },
    "1": {
      "prefix": [
        "L0"
      ],
      "confidence": 0.9999999998835847
    },
    "2": {
      "prefix": [
        "L0",
        "L0"
      ],
      "confidence": 0.9999999998835847
    },
    "61": {
      "prefix": [
        "L1"
      ],
      "confidence": 0.9999999998835847
    },
    "62": {
      "prefix": [
        "L1",
        "L0"
      ],
      "confidence": 0.9999999998835847
    }
  },
  "merge_history": [
    {
      "phase": "bluefringe",
      "merge_to": 1,
      "merge_from": 89,
      "score": 45.0,
      "confidence": 0.9999999999999716,
      "states_before": 170,
      "states_after": 124
    },
    {
      "phase": "bluefringe",
      "merge_to": 61,
      "merge_from": 3,
      "score": 43.0,
      "confidence": 0.9999999999998863,
      "states_before": 124,
      "states_after": 80
    },
    {
      "phase": "bluefringe",
      "merge_to": 0,
      "merge_from": 63,
      "score": 40.0,
      "confidence": 0.9999999999990905,
      "states_before": 80,
      "states_after": 39
    },
    {
      "phase": "bluefringe",
      "merge_to": 1,
      "merge_from": 34,
      "score": 33.0,
      "confidence": 0.9999999998835847,
      "states_before": 39,
      "states_after": 5
    }
  ]
}