{
  "state_conf": {
    "0": 0.9999995231628418,
    "1": 0.9999995231628418,
    "39": 0.9999995231628418,
    "40": 0.9999995231628418,
    "41": 0.9999995231628418
  },
  "prefix_conf": {
    "0": {
      "prefix": [],
      "confidence": 0.9999995231628418
    },
    "1": {
      "prefix": [
        "L0"
      ],
      "confidence": 0.9999995231628418
    },
    "39": {
      "prefix": [
        "L1"
      ],
      "confidence": 0.9999995231628418
    },
    "40": {
      "prefix": [
        "L1",
        "L0"
      ],
      "confidence": 0.9999995231628418
    },
    "41": {
      "prefix": [
        "L1",
        "L0",
        "L0"
      ],
      "confidence": 0.9999995231628418
    }
  },
  "merge_history": [
    {
      "phase": "bluefringe",
      "merge_to": 39,
      "merge_from": 2,
      "score": 57.0,
      "confidence": 1.0,
      "states_before": 146,
      "states_after": 88
    },
    {
      "phase": "bluefringe",
      "merge_to": 39,
      "merge_from": 76,
      "score": 34.0,
      "confidence": 0.9999999999417923,
      "states_before": 88,
      "states_after": 53
    },
    {
      "phase": "bluefringe",
      "merge_to": 39,
      "merge_from": 55,
      "score": 25.0,
      "confidence": 0.9999999701976776,
      "states_before": 53,
      "states_after": 27
    },
    {
      "phase": "bluefringe",
      "merge_to": 0,
      "merge_from": 42,
      "score": 21.0,
      "confidence": 0.9999995231628418,
      "states_before": 27,
      "states_after": 5
    }
  ]
}