{
  "state_conf": {
    "0": 0.9999990463256836,
    "1": 0.9999990463256836,
    "2": 0.9999990463256836,
    "3": 0.9999990463256836,
    "62": 0.9999990463256836
  },
  "prefix_conf": {
    "0": {
      "prefix": [],
      "confidence": 0.9999990463256836
    },
    "1": {
      "prefix": [
        "L0"
      ],
      "confidence": 0.9999990463256836
    },
    "2": {
      "prefix": [
        "L0",
        "L0"
      ],
      "confidence": 0.9999990463256836
    },
    "3": {
      "prefix": [
        "L0",
        "L0",
        "L0"
      ],
      "confidence": 0.9999990463256836
    },
    "62": {
      "prefix": [
        "L1"
      ],
      "confidence": 0.9999990463256836
    }
  },
  "merge_history": [
    {
      "phase": "bluefringe",
      "merge_to": 0,
      "merge_from": 63,
      "score": 65.0,
      "confidence": 1.0,
      "states_before": 153,
      "states_after": 87
    },
    {
      "phase": "bluefringe",
      "merge_to": 1,
      "merge_from": 31,
      "score": 37.0,
      "confidence": 0.999999999992724,
      "states_before": 87,
      "states_after": 49
    },
    {
      "phase": "bluefringe",
      "merge_to": 0,
      "merge_from": 17,
      "score": 22.0,
      "confidence": 0.9999997615814209,
      "states_before": 49,
      "states_after": 26
    },
    {
      "phase": "bluefringe",
      "merge_to": 62,
      "merge_from": 4,
      "score": 20.0,
      "confidence": 0.9999990463256836,
      "states_before": 26,
      "states_after": 5
    }
  ]
}