{
  "state_conf": {
    "0": 0.9999997615814209,
    "1": 0.9999997615814209,
    "49": 0.9999997615814209,
    "50": 0.9999997615814209,
    "51": 0.9999997615814209
  },
  "prefix_conf": {
    "0": {
      "prefix": [],
      "confidence": 0.9999997615814209
    },
    "1": {
      "prefix": [
        "L0"
      ],
      "confidence": 0.9999997615814209
    },
    "49": {
      "prefix": [
        "L1"
      ],
      "confidence": 0.9999997615814209
    },
    "50": {
      "prefix": [
        "L1",
        "L0"
      ],
      "confidence": 0.9999997615814209
    },
    "51": {
      "prefix": [
        "L1",
        "L0",
        "L0"
      ],
      "confidence": 0.9999997615814209
    }
  },
  "merge_history": [
    {
      "phase": "bluefringe",
      "merge_to": 49,
      "merge_from": 2,
      "score": 61.0,
      "confidence": 1.0,
      "states_before": 156,
      "states_after": 94
    },
    {
      "phase": "bluefringe",
      "merge_to": 49,
      "merge_from": 85,
      "score": 38.0,
      "confidence": 0.999999999996362,
      "states_before": 94,
      "states_after": 55
    },
    {
      "phase": "bluefringe",
      "merge_to": 0,
      "merge_from": 52,
      "score": 26.0,
      "confidence": 0.9999999850988388,
      "states_before": 55,
      "states_after": 28
    },
    {
      "phase": "bluefringe",
      "merge_to": 49,
      "merge_from": 70,
      "score": 22.0,
      "confidence": 0.9999997615814209,
      "states_before": 28,
      "states_after": 5
    }
  ]
}